Tweet ,Date/Time,UserID
Pray for BXL. #ikwilhelpen,3/26/16 19:30,GDequecker48
@broderick This is the reason why we're doing it for https://t.co/YhgIaoJGMX #ikwilhelpen #buzzfeednews #jeveuxaider https://t.co/0oju7I0W7U,3/26/16 10:00,sauws
#PrayForBrussels #ikwilhelpen On our way to Antwerp to show support and love! https://t.co/MRNuijDgfv,3/25/16 16:26,CobyGoyvaerts
Belgian police arrest six suspects https://t.co/uZI3cABxcf #brussels #belgium #ikwilhelpen #jesuisbruxelles,3/25/16 1:08,Equashion
From Facebook Filters To #Ikwilhelpen; Social Media Shows Solidarity For Brussels by @MollyBMcPherson on @LinkedIn https://t.co/Tcjgk69Iub,3/24/16 22:28,AndrewCiccone
#ikwilhelpen #prayforbrussels All the kids made a drawing to show their support and love!! https://t.co/T26DhESXtE,3/24/16 22:24,CobyGoyvaerts
My plane leaves tomorrow morning at 9 #liege but there is no train or shuttle bus from #Brussels. Does anyone has a solution #ikwilhelpen ?,3/24/16 18:06,leovandoesburg
[New Post] From Facebook Filters To #Ikwilhelpen; Social Media Solidarity For #Brussels. https://t.co/cwBmciSvF0 https://t.co/CSPRR9No2B,3/24/16 16:10,MollyBMcPherson
When the worst happens - that's when the true human spirit shines through....#ikwilhelpen #Love #tousensemble #hope https://t.co/YdaGRQAxGs,3/24/16 16:04,Petra_Van_Hamme
Belgians open their homes offer rides with #Ikwilhelpen,1/1/00 0:00,NA
Picking up a stuck traveller in the Netherlands because of the Attack on Brussels #ikwilhelpen #brusselsattacks https://t.co/76aLEp0BtZ,3/24/16 12:15,rex_the_dragon
Show the finger to hate! Sign up to be matched with a Belg/newcomer for dinner https://t.co/4xXQtdJKSY #ikwilhelpen https://t.co/FkS6wNQ3Uf,3/24/16 8:10,DineWithUs_be
And then the fog... #ikwilhelpen #instamood #berlin #laomusicarts #smile #amazing #friendsäó_ https://t.co/BkBXqgdMgQ,3/24/16 5:52,LAOMUSIC_ARTS
All my thoughts to Belgium. #ikWilHelpen #BrusselsAttacks #Zaventem https://t.co/kIneXjOkOf,3/24/16 5:23,JuanSerranoFoto
2016/03/24ÜóêNo. 529Üóï1) Brussels attack: Belgians use #ikwilhelpen hashtag to offer transport and accommodation ... https://t.co/JylFOyqfhg,3/24/16 5:22,reader_watch
ÜóêBrussels attack: Belgians use #ikwilhelpen hashtag to offer transport and accommodation to strandedÜóïUsing the h ... https://t.co/WDpfOFvQSw,3/24/16 5:19,reader_watch
Belgians are opening their doors to people affected by the terror attacks with #IkWilHelpen https://t.co/DaBjpEPA5K,3/24/16 2:11,qaumiawaaz
If still needed I've got a couch and a spare mattress in #Leuven for anyone needing a place to crash. #ikwilhelpen #BrusselsOpendoors,3/24/16 0:22,hereticmantis
Anyone in need of help food or shelter near @Antwerp Airport or in Antwerp please let me know what I can do #ikwillhelpen,1/1/00 0:00,NA
@BBCNews: #Tributes for the #BrusselsAttack victims - https://t.co/UnbLBvBhBB #BelgiumAttack #ikwilhelpen #PorteOuverte #BBCShorts,3/23/16 22:15,UHSsuukyi
Here's how to help victims of the #isis #Brussels attacks https://t.co/hwK7DDmhjD @TIMEWorld #Belgium #ikwilhelpen #overcomeevilwithgood,3/23/16 21:34,ArtistJCompton
#ikwilhelpen anyone stay positive,3/23/16 21:05,WhosLarryB
#FF @sauws  this is Tam  the awesome dude giving people free rides today #Brussels (video coming soon!) #ikwilhelpen https://t.co/6K0Zl7jrVG,1/12/00 0:00,18205531
@broderick Tom is so dope. #ikwilhelpen,3/23/16 20:37,dontrunbabygirl
If stranded in Brussels : Double room available Dilbeek Wedn/Thu  can pick up Ring Brussels incl Leuven #ikwilhelpen,NA,"<a href=""http://twitter.com/download/iphone"" rel=""nofollow"">Twitter for iPhone</a>"
[New Post] From Facebook Filters to #IKWILHELPEN; Social Media Solidarity For #Brussels https://t.co/VcH81HLa4t https://t.co/B5ah1QHzqm,3/23/16 20:36,MollyBMcPherson
If you are stranded in Brussels due to the attacks and need a place to stay get in touch. #ikwilhelpen #SolidariteBruxelles #Brussels,3/23/16 16:22,Priskies
"Belgium: ""The spirit is unbroken"" #PorteOuverte #OpenDoors #ikwilhelpen #BrusselsWelcome ¥Ë_¥Ë_¥Ë_¥Ë_¥Ë_¥Ë_ https://t.co/p4eT14wFE2 https://t.co/pfjfyqJ7I5",3/23/16 16:10,BBCOS
How to help victims of Brussels attacks https://t.co/4hxqdEjLre @CNNI . #Brussels #ikwilhelpen #BrusselsWelcome #PorteOuverte,3/23/16 15:49,ElizabethJSays
Updated with the latest info we have. Please tell us if you have more https://t.co/q7CB23xspV #brusselsmissing #ikwilhelpen #brusselsattack,3/23/16 15:44,davidgeilfus
Anyone in Brussels who would like to help should use the hashtags #ikwilhelpen,1/1/00 0:00,NA
Belgium Evacuates Staff at #NuclearPlants After Terror Attacks https://t.co/4glgUzExBt #Brussels #Nuclear #ikwilhelpen #JesuisBruxelles,3/23/16 15:40,industrial_info
In case there are still people stuck in Brussels/Zaventem  I'm happy to assist. #ikwilhelpen,NA,"<a href=""http://twitter.com/download/iphone"" rel=""nofollow"">Twitter for iPhone</a>"
I have room for 4 if anyone is stranded in the Philadelphia area #ikwilhelpen,3/23/16 15:19,Miles2WandrLush
Show the finger to hate! We match Belgians with newcomers for dinners. https://t.co/wDfuf71Irb #BXLove #Brussels #ikwilhelpen,3/23/16 15:15,DineWithUs_be
I can offer a room for 1 pers or 1 couple for the coming days. #ikwilhelpen #brussels #vilvoorde,3/23/16 15:12,kcolenbie
Show the finger to hate! Sign up to be matched with a Belg/newcomer for dinner https://t.co/XuV65CXe6v #ikwilhelpen https://t.co/kM29k49fFv,3/23/16 14:45,DineWithUs_be
Read Real Time #brusselsattack #PrayForBelgium #ikwilhelpen #PorteOuverte #aanslagen Live News On https://t.co/VjDMZF62ie,3/23/16 14:43,attack_full
#PorteOuverte #OpenHouse #ikwilhelpen for those who would like to help;),3/23/16 14:18,oreillysbrussel
Goedemorgen @Ikwilhelpen #ikwilhelpen More ppl offering help: Have room in SLC Utah, Denver,FALSE
Finally got tickets to go home from Amsterdam but need to stay for one night. Hotels are expensive in Amsterdam #ikwilhelpen,3/23/16 13:57,shetravelswell
For those stranded in Leuven: free guided tours! Great initiative! #ikwilhelpen #BrusselsAttacks https://t.co/Kwb2V8mnYT,3/23/16 13:38,ClioGielen
pls #Glamberts in BE &gt;&gt;&gt; RTW . #ikwilhelpen pls look at that &gt;&gt;&gt;&gt; #PorteOuverte #Brussels SOMEWHERE? https://t.co/1ENnM72l0t,3/23/16 13:19,BeeClaudi59
Boosting the signal...@BrusselsAirport @CrisiscenterBE #Brussels #BrusselsAttacks #zaventem #OpenHouse #ikwilhelpen https://t.co/cNq8o76JSg,3/23/16 13:11,DanaLisa
Europeans Tweet Using #ikwilhelpen to Help Stranded Travelers in Brussels https://t.co/ly3zblzhF0 via @WNYC,3/23/16 12:40,LMelilli
Anyone stranded in the #EastMidlands region because of #Belgiumattack  I offer 2 places at my place to stay #openhouse #ikwilhelpen,NA,"<a href=""http://twitter.com"" rel=""nofollow"">Twitter Web Client</a>"
I have a home to offer! #ikwilhelpen #PorteOuverte #BrusselsAttacks #Brussels,3/23/16 12:35,jutapr
#Brussels #brusselsairport #ikwilhelpen please be on the lookout for this couple. Justin &amp;äó_ https://t.co/D3ZWgMm9DB,3/23/16 12:24,the_mrs_gibby
#ikwilhelpen #leuven Available all day to drive people : Brabanthal -&gt; where ever you need to be. PM me!,3/23/16 12:20,Geert_83
#ikwilhelpen #BrusselsLift we are family of four. Airport still close tomorrow. How to go home to perth #etihadair What to do?,3/23/16 12:18,shetravelswell
This is Tom. He's been giving stranded #brussels passengers free rides since 9am. #ikwilhelpen https://t.co/89Vyb83d3t,3/23/16 12:15,broderick
Please accept my sincere condolences. The world is with Belgium. We stand together! #jeveuxaider #ikwilhelpen https://t.co/pydFmKd7i5,3/23/16 12:12,LouiseBlackwick
Help families &amp; friends find missing people: https://t.co/x5ZTKvtWFb #brusselsmissing #ikwilhelpen,3/23/16 11:42,davidgeilfus
Help families &amp; friends find missing people: https://t.co/5IhPP1LJO0 #brusselsmissing #ikwilhelpen cc @citybrussels,3/23/16 11:41,loucaspapa
Show the finger to hate! Sign up to be matched with a Belg/newcomer for dinner https://t.co/wDfuf71Irb #ikwilhelpen https://t.co/8I54d99oOJ,3/23/16 11:32,DineWithUs_be
young couple from bruges wanne help!! you can stay here for few days if you want !!! #ikwilhelpen https://t.co/PWwL8tDcNv,3/23/16 10:58,kevainkaren
Missing people after Brussels attacks https://t.co/vEjd7DwlbX äóî #brusselsattacks #ikwilhelpen #prayforbelgium #attentatsbruxelles,3/23/16 10:53,stevepiron
We want to reach out to people who are stranded due to the crisis in Brussels. Free appartment (4) Ghent 2 nights #ikwilhelpen #RT,3/23/16 10:49,LucAilliet
Help families &amp; friends find missing people: https://t.co/lVSd729a7B #brusselsmissing #ikwilhelpen #PrayForBelgium #BrusselsAttacks,3/23/16 10:38,loucaspapa
omw to Brabanthal. In need of ride please text +32499 32 68 14. #ikwilhelpen @RodeKruisVL,3/23/16 10:36,HannesGemoets
Finally took my whole family out and paid for everythinggg lol I am a grown up now! #ikwilhelpen,3/23/16 10:30,DaisyWarren25
I can host 2 ppl in need of a place to stay wifi  shower - turnhout area (bit far away but it's the best I can do!) #ikwilhelpen,1/5/00 0:00,NA
I have a car  if you need driving  I have beds if you need a room for the night #ikwilhelpen,1/0/00 0:00,NA
People are using #ikwilhelpen to offer help to #Brussels. https://t.co/prtfrOwpZp,3/23/16 10:00,ajplus
Those who bomb won't last. #Belgium #ikwilhelpen @TEDxBrussels,3/23/16 9:25,RezaGhiabi
Swiss friend at hotel near Bxl airport needs to get to hospital in Vilvoorde &amp; buy clothes somewhere- anyone around with a car? #ikwilhelpen,3/23/16 9:23,JokeLannoye
WARNING: This World Will End Soon https://t.co/zkWj7rVSBt #PrayForBelgium #ikwilhelpen #Maalbeek #Belgií‚ #Belgien https://t.co/s4akrJI1S0,3/23/16 8:59,ahmdabdallah061
People checking in from all over the world to hear if weäó»re ok. Just now; The Philippines send their love too. :) #ikwilhelpen,3/23/16 8:52,a_cup_of_t
Read Real Time #brusselsattack #PrayForBelgium #ikwilhelpen #PorteOuverte #aanslagen Live News On https://t.co/g6gXyn7re2,3/23/16 8:43,angel66781
#Brussels #ikwilhelpen #JeSuisBrussels #BrusselsAttacks #BrusselAirport O yes we belgiums have balls of steel! https://t.co/YzMWnc8UeT,3/23/16 8:43,CornelisBram
Are there people in #brabanthal #leuven who need to go to keulen? Im driving there! #ikwilhelpen #ride #brusselsattack #help,3/23/16 8:39,BirdDeCat
You guys hear Kim Davis killed Terry Gilliam smh #ikwilhelpen,3/23/16 8:20,DaisyWarren25
Belgen: #OpenHouse in New Orleans for stranded Belgians til you can get back home. Have 10 other states with rooms too. PM me. #ikwilhelpen,3/23/16 8:00,meadowwwww
Day after #BrusselsAttacks want to put my armor on &amp; defend my family &amp; our freedom. Feeling helpless. #LoveNotHate #ikwilhelpen #mourning,3/23/16 7:57,TimothyL77
People should stay strong amidst these. Tragic. :'( :/ #KurdishRebels #Ankara #BrusselsAttacks #PourteOuverte #JeSuisBruxelles #ikwilhelpen,3/23/16 7:54,lizzyiggy23
victims of this terrible attack and their families. #IkWilHelpen ?,3/23/16 7:47,nikeyah4
Just in: also rooms in DC and Tennessee for stranded Belgians in US. PM/DM me for help. That's 10 states total. #ikwilhelpen #ikwelhelpen,3/23/16 7:38,meadowwwww
@dontrunbabygirl @BrusselsAirport and tell your baby that love ALWAYS wins! Love will prevail. #ikwilhelpen #LoveMuslims #LoveWins #brussels,3/23/16 7:33,meadowwwww
@usembbrussels @BrusselsExpats @BrusselsTravel PM me if Belgian stranded in US. I'm in Nola but friends around country. #ikwilhelpen,3/23/16 6:49,meadowwwww
Proud of de Brusselaars: using #ikwilhelpen hashtag to help those stranded in #brussels by bombing https://t.co/Zx83QKsNGl via @TIMEWorld,3/23/16 6:46,tmstangeby
Going to sleep but Belgen see earlier tweets if you need a place in US. PM me I'll respond in the morning. #ikwilhelpen #BrusselsAttacks,3/23/16 6:00,meadowwwww
PM me if you're Belgian stuck in US; have airline friends all over US and will find you a place to stay. #ikwilhelpen,3/23/16 5:43,meadowwwww
Have friends in other US cities willing to house stranded Belgians too. #ikwilhelpen #wijwillenhelpen https://t.co/5yVsc6c9zV,3/23/16 5:33,meadowwwww
Have friends in other US cities willing to house stranded Belgians too. #ikwilhelpen #wijwillenhelpen https://t.co/awmtNUD5ph,3/23/16 5:33,meadowwwww
Have friends in other US cities willing to house stranded Belgians too. #ikwilhelpen #wijwillenhelpen https://t.co/xPLS8zmI5W,3/23/16 5:33,meadowwwww
Have friends in other US cities willing to house stranded Belgians too. #ikwilhelpen #wijwillenhelpen https://t.co/XwBRlmRQPd,3/23/16 5:32,meadowwwww
Belgians are opening their doors to people affected by the terror attacks with #IkWilHelpen https://t.co/gNmuHAr8zB,3/23/16 5:32,SdSharma07
Prayers on you Brussels #ikwilhelpen ¥Ë_¥Ë_¥Ë_¥Ë_¥Ë_¥Ë_,3/23/16 4:46,poloo_says
World tourism bodies stand in solidarity with #Belgium #Brussels #ikwilhelpen https://t.co/rd80RnDQdz https://t.co/1cLWWEEDvm,3/23/16 4:39,TTG_Asia
Brussels attacks: #Google offering free Hangout calls to #Belgium https://t.co/Hl5AJQVk1m #brusselsattacks #ikwilhelpen,3/23/16 4:25,agamoni
Islamic State canäó»t win in #Brussels äóñwe are fighting hate with love: https://t.co/1u0UhyHYb8 #ikwilhelpen #BrusselsAttacks #PrayForTheWorld,3/23/16 4:25,MuslimNewsAlert
So sad about Brussels. Sending lots of love. #ikwilhelpen x T,3/23/16 3:47,_tanushka13
I wish this would end. #belgium #brusselsattack #ikwilhelpen @äó_ https://t.co/JcTujsVxHh,3/23/16 2:15,JeffmsmithNYC
You will run out of terrorists before we run out of good people and solidarity ! #Brusselsattacks #aanslagenbrussel #StopIslam #ikwilhelpen,3/23/16 1:55,erikodbeeck
.@UNDPEU @UNinBrussels you are in our thoughts - we are here to help #ikwilhelpen @SDGaction,3/23/16 1:39,mtoomeyUN
People seeking help or shelter can find it with these 3 # in 3 langages: #ikwilhelpen #PorteOuverte #OpenHouse https://t.co/cu3wtEpXIQ,3/23/16 1:27,sid131313
@MrScottEddy @TheMickyDolenz1 There's also #ikwilhelpen &amp; #OpenHouse for travelers stranded in Brussels needing a place to stay.,3/23/16 1:22,BoSoxFan73
#IkWilHelpen: Watch Adele sing äóÖMake You Feel My Loveäó» for Brussels https://t.co/TUQ8G3wswR https://t.co/bwij2Xv9UN,3/23/16 1:20,GoodEveryDay4U
#IkWilHelpen: Watch Adele sing äóÖMake You Feel My Loveäó» for Brussels https://t.co/btkW9GxUtz https://t.co/9U8g2YeI8y,3/23/16 1:20,lewharris
Head up Brussels! Standing Strong #ikwilhelpen #PrayForBrussels #JeSuisBruxelle https://t.co/MZ7Vjs7NkJ,3/22/16 21:12,LoomynartyHere
#Tributes for the #BrusselsAttack victims - #BelgiumAttack #ikwilhelpen #PorteOuverte #BBCShorts. #News (https://t.co/Fz1hmtL6D1),3/22/16 21:10,GlobalSunTimes
Powerful hashtags are surfacing on Twitter offering help in wake on the #BrusselsAttacks: https://t.co/jzrLwlmv5v #ikwilhelpen,3/22/16 21:08,popsugarau
If anybody is stranded in #Leuven  we've got a bed for two #IkWilHelpen,NA,"<a href=""http://twitter.com/download/iphone"" rel=""nofollow"">Twitter for iPhone</a>"
BBCWorld : #Tributes for the #BrusselsAttack victims - https://t.co/0bdd7GkPCh #BelgiumAttack #ikwilhelpen #Porteäó_ https://t.co/rDQbRgFohZ,3/22/16 20:50,jahirvai2
#ikwilhelpen = awesome spontaneous sign of solidarity during a horrible time #brusselsattack,3/22/16 20:48,TinekeWillems79
#news #Tributes for the #BrusselsAttack victims - https://t.co/OuHvgml6zy #BelgiumAttack #ikwilhelpen #PorteOuverte #BBCShorts,3/22/16 20:46,mohammeddki8852
RT: @bbcnews :#Tributes for the #BrusselsAttack victims - https://t.co/BIeL82pcPM #BelgiumAttack #ikwilhelpen #PorteOuverte #BBCShorts,3/22/16 20:45,notiven
BBCNews: #Tributes for the #BrusselsAttack victims - https://t.co/Vm3XrXwUsJ #BelgiumAttack #ikwilhelpen #PorteOäó_ https://t.co/p9nitVYUAv,3/22/16 20:44,brittishmagic
#Tributes for the #BrusselsAttack victims - https://t.co/qIlx6DKTmr #BelgiumAttack #ikwilhelpen #PorteOuverte #BBäó_ https://t.co/YOKl7WoNZ2,3/22/16 20:43,ChalkAndCarrots
#Tributes for the #BrusselsAttack victims - https://t.co/UdHjQb0tRn #BelgiumAttack #ikwilhelpen #PorteOuverte #BBCShorts,3/22/16 20:40,BBCWorld
#Tributes for the #BrusselsAttack victims - https://t.co/8yMacgq9OJ #BelgiumAttack #ikwilhelpen #PorteOuverte #BBCShorts,3/22/16 20:40,BBCNews
New trending story from TIME: Brussels Residents Use Hashtag #ikwilhelpen to Offer Help to Those Stranded by Bombing https://t.co/07oB3FyZ3F,3/22/16 20:39,piercearrow33
@CYC_Coolidge stands with #Brussels. Speak up against violence. #forthekids #ikwilhelpen #BrusselsAttacks https://t.co/nbp7IesvWl,3/22/16 20:34,cycsharonboyd
Brussels Residents Use Hashtag #ikwilhelpen to Offer Help to Those Stranded by Bombing https://t.co/UVWkeuKVOq https://t.co/eZkAWrywWp,3/22/16 20:33,desmondclark
My heart goes out to everyone in Brussels. #PrayForBrussels #ikwilhelpen #Brussels ¥Ë_¥Ë_¥Ë_¥Ë_¥Ë_¥Ë_¥Ë_¥Ë_¥Ë_¥Ë_¥Ë_¥Ë_,3/22/16 20:21,bsuresh7282
Any kind soul willing to offer a lift from Leuven to Diegem tomorrow 23/03 in the morning? #BrusselsOpenDoors #IkWilHelpen,3/22/16 20:17,Katika_Munoz
Are you stuck in #Brussels and need a ride or a place to stay? check or use #ikwilhelpen - people are helping with transport + accommodation,3/22/16 19:54,LouiseWillo
if ur stuck in #Brussels tonight,NA,"<a href=""http://twitter.com/download/android"" rel=""nofollow"">Twitter for Android</a>"
#IkWilHelpen: Belgians open homes and businesses to Brussels victimsäóñand you can help,NA,"<a href=""https://about.twitter.com/products/tweetdeck"" rel=""nofollow"">TweetDeck</a>"
#IkWilHelpen: Belgians open homes and businesses to Brussels victimsäóñand you can help,NA,"<a href=""https://about.twitter.com/products/tweetdeck"" rel=""nofollow"">TweetDeck</a>"
#IkWilHelpen: Belgians open homes and businesses to Brussels victimsäóñand you can help,NA,"<a href=""https://about.twitter.com/products/tweetdeck"" rel=""nofollow"">TweetDeck</a>"
People in Belgium Are Using #IkWilHelpen to Offer Aid in the Wake of the Brussels Attacks by @msolis14 https://t.co/24FAAeEwze via @MicNews,3/22/16 19:45,renegadecop
Are there people in #Zaventem / #Brussels who need to go to #Schiphol? #ikwilhelpen,3/22/16 19:44,MulderHannah
#Ikwilhelpen: How Belgians Are Using Twitter To Help After The Attacks https://t.co/nmGpQdUZrN via https://t.co/iIh8vtvk41 #hashtagthat,3/22/16 19:44,hashtagthatnow
Nightmare!! #IkWilHelpen #Brussels https://t.co/YmOwQIo6cX,3/22/16 19:43,UwSecretariaat
"RT latimes ""Belgians offer stranded tourists a place to stay with #PorteOuverte #ikwilhelpen äó_ https://t.co/KhdZBUEryU""",3/22/16 19:41,newslarts
#ikwilhelpen I stay in Novotel Leuven this night in a 2pp room  so place to stay for 1 person. Email tanja.leys@gmail.com,NA,"<a href=""http://twitter.com/download/iphone"" rel=""nofollow"">Twitter for iPhone</a>"
#ikwilhelpen I can take 4 people from Brussels airport (or close to) to Leuven city today around 15:10. Email tanja.leys@gmail.com,3/22/16 19:40,tanja_leys
Belgians offer stranded tourists a place to stay with #PorteOuverte #ikwilhelpen https://t.co/TxQoHEgEQI https://t.co/oZfskNSyER #latimesäó_,3/22/16 19:38,RMRealtor
Anyone still looking for a lift out of Brussels or a place to stay? #ikwilhelpen,3/22/16 19:37,ingevandeplas
If you need a ride out of Brussels tonight send me a PM I'm willing to drive you to the neighbouring towns. #ikwilhelpen,3/22/16 19:34,TelGeadas
Belgians offer stranded tourists a place to stay with #PorteOuverte #ikwilhelpen https://t.co/mwAhCrHzut https://t.co/JON02tmed7,3/22/16 19:30,latimes
If someone need a place to stay  we have place up to 4 people in Leuven #ikwilhelpen #brusselsattack,NA,"<a href=""http://twitter.com/#!/download/ipad"" rel=""nofollow"">Twitter for iPad</a>"
#Brussels shows its greather than fearäóîPeople opendoors rather than close them. https://t.co/DWM9eOOGG6 #ikwilhelpen https://t.co/tzxmQFhq5d,3/22/16 19:28,MaksCzuperski
Belgian People Are Helping Each Other Using Hashtags #ikwilhelpen,3/22/16 18:16,EricVanDerHulst
We have 2 places to stay for people who are stranded around #Madou in #Brussels #PorteOuverte #opendoors #ikwilhelpen,3/22/16 18:15,lisa_jacobs_
Anybody needing shelter in #Leuven or near #Brussels  we have a place for you. #IkWilHelpen #PorteOuverte #Bruxelles #Brussel #Belgium,NA,"<a href=""http://twitter.com/download/android"" rel=""nofollow"">Twitter for Android</a>"
6 Steps for Dealing with Fear After #Brussels Attacks (cause sometimes the world is big &amp; scary) #IkWilHelpen #prayforpeace,3/22/16 18:14,GriefCompass
Offer: 3 free seats  23/03 - 21h  #Mechelen/#Brussel to #Genk (or #Hasselt / #Aachen for #Germans). #ikwilhelpen,1/0/00 0:00,NA
Driving from #Leuven towards #Brussel (Schaarbeek) at 19:30. Happy to offer a seat in the car to those who still need it #ikwilhelpen,3/22/16 18:11,Anselm_ver
Hey #belgium...Did you see terrorist???? See fucking terrorist PKK pzl.. #PrayersForBrussels #ikwilhelpen https://t.co/9Zr3ggP3C1,3/22/16 18:11,SerenaNovara
Tweets for Good! Belgians Offer Support With Hashtag https://t.co/W3P52se8vh via @thedailybeast #ikwilhelpen,3/22/16 18:10,indieducator
Belgian People Are Helping Each Other Using Hashtags https://t.co/GaAijJk3YW via @rose_catb @buzzfeednews #IkWilHelpen,3/22/16 18:09,CodenameWallaby
4 sleeping places available in #Leuven #ikwilhelpen,3/22/16 18:08,RoosAerts
We can accomodate bed  food and calm environment for stranded travellers in Antwerp  nearby berchem station. 4 beds available #ikwilhelpen,1/3/00 0:00,NA
need a place to stay temporarily away from brussels? Doors are wide open in Geel Antwerp. We have a spare room shower wifi #ikwilhelpen,,NA
@koenp66 @liesjevdw check #ikwilhelpen !,3/22/16 18:04,rrradiogirrrl
Where is the Love? #stopterrorism #pray #PrayForTheWorld #prayforpeace #jesuissickofthisshit #ikwilhelpen https://t.co/D1x3n6hZGV,3/22/16 18:01,Gitte_Vrints
Another terrorist attack in Europe. My thoughts and prayers are with the whole of Belgium and EU. #Ikwilhelpen #brussels #lifeisajernih,3/22/16 18:00,JernihAgapito
I Love the kind nature of the human spirit The hashtag #IkWilHelpen is offering help to those stranded by the Brussel bombings äìë¥Ë_¥Ë_¥Ë_¥Ë_¥Ë_¥Ë_¥Ÿè¥Ë_¥Ë_¥Ë_¥Ë_¥Ë_¥Ë_ ¥Ë_¥Ë_¥Ë_¥Ë_¥Ë_¥Ë_¥Ë_¥Ë_¥Ë_¥Ë_¥Ë_¥Ë_,3/22/16 17:57,oneAndygrundy
Not everyone change their profile pic to Belgium's flag so fast. Don't worry we know it's not France. #ikwilhelpen,3/22/16 17:57,Mr_eS_Em_Gee_23
davidbychkov: TimMoore: #Brussels #ikwilhelpen https://t.co/idzrDEoxJy,3/22/16 17:57,BlackBoxPhD
#ikwilhelpen means #Iwanttohelp https://t.co/iVQPs8COzZ,3/22/16 17:57,BelgianDan
Know any great stories of people helping each other in Brussels? Send them my way... #ikwilhelpen #Brussels,3/22/16 17:56,kelmckelv
#ikwilhelpen #BrusselsAttacks our hart Goes for al the innocent victims,3/22/16 17:56,dutch_basics
Hot: Brussels Residents Use Hashtag #ikwilhelpen to Offer Help to Those Stranded by Bombinäó_ https://t.co/nO08SLDWHb https://t.co/XcOKwngNAs,3/22/16 17:55,SevenDaysLive
People stuck in #Brussels can call this number +322/648.50.02 to find quick help for a place to stay this evening #ikwilhelpen,3/22/16 17:54,elkedens
The hashtag #ikwilhelpen (I offer help) makes clear that terrorist attacks only bring us closer to each other. #love #Brussels,3/22/16 17:53,JohanvdBrink
RT davidbychkov: TimMoore: #Brussels #ikwilhelpen https://t.co/3plqxTgyRS,3/22/16 17:53,holocinema
I have a couch &amp; sleeping bag #ikwilhelpen,3/22/16 17:52,ALDEPressKat
If anyone is stranded or in need of roof in #antwerpen our door is open. Just give us a ring #ikwilhelpen,3/22/16 17:51,JannesCal
TimMoore: #Brussels #ikwilhelpen https://t.co/4Hq8Ne5JeX,3/22/16 17:49,davidbychkov
RT @TIME: Brussels residents use hashtag #ikwilhelpen to offer help to those stranded by... https://t.co/NUQR12cfSK via @EvelinPlacidoAl,3/22/16 17:49,Frascaty
I can offer up to 4 places in car to Ghent/Kortrijk departing from Leuven #ikwilhelpen,3/22/16 17:49,KoenVL23
"Belgians unite w/ the #IkWilHelpen meaning ""I want to help"": https://t.co/1GaqIBk5Et. #PrayForBrussels today. https://t.co/OvmrWC7xqd",3/22/16 17:48,ThinkInkPR
@greghal follow #ikwilhelpen or ask @pzzaventem or go to Sporthal Zaventem?,3/22/16 17:46,anneleen
@Mr_Blst my pleasure! #ikwilhelpen,3/22/16 17:46,deklippelv
#ikwilhelpen #StopIslam #prayersforBrussels Donald Trump predicted #Brussels attacks months ago https://t.co/187JUduAgL äó_,3/22/16 17:46,PagalKRK
Soon the whole world will know the dutch words #ikwilhelpen (I want to help) #believeinpeace #kindness,3/22/16 17:44,Brennyy_x
Brussels Residents Use Hashtag #ikwilhelpen to Offer Help to Those Stranded by Bombing https://t.co/UzZ2mZIAAX @TIäó_ https://t.co/tOZXg4Xekr,3/22/16 17:43,vmwheeler
Brussels Residents Use Hashtag #ikwilhelpen to Offer Help to Those Stranded by Bombing viaäó_ https://t.co/BVTQDigmzf https://t.co/ogY9c1ymYZ,3/22/16 17:43,myMpango
Brussels Residents Use Hashtag #ikwilhelpen to Offer Help to Those Stranded by Bombing viaäó_ https://t.co/lBUbjJjgZx https://t.co/hhdNnHWhJw,3/22/16 17:43,ddks01
Brussels Residents Use Hashtag #ikwilhelpen to Offer Help to Those Stranded by Bombing viaäó_ https://t.co/rdkJaBvU5w https://t.co/RMu388faih,3/22/16 17:43,GaryFox_
Humans can be pretty cool: #Brussels residents use #ikwilhelpen hashtag to offer help to those stranded by bombing https://t.co/Ha0vvIeX1u,3/22/16 17:42,martinsalice
Sun sets in 25 min in #Brussels. Going out now to hand out these power banks. #PorteOuverte #OpenHouse #IkWilHelpen https://t.co/TM4zgXl1S5,3/22/16 17:41,twtAhmed
"@TimMoore you're using #ikwilhelpen wrong; it means ""i want to help"". You're not helping..",3/22/16 17:41,StChantal
@world if you live near #Airports connecting to #Bruxelles and can host stranded travellers : #ikwilhelpen,3/22/16 17:41,3DPrintersVDB
"Belgians are opening their doors to people affected by the terror attacks in #Brussels w/ #IkWilHelpen ""I will help"" https://t.co/bnoOLmJIhT",3/22/16 17:39,antic_kevin
Brussels is offering shelter through hashtags: #PorteOuverte #OpenHouse #ikwilhelpen. https://t.co/Tn4bjeBARt https://t.co/mWCsFzgCW5,3/22/16 17:39,IncognitoSocial
Sun sets in 25 minutes in #Brussels. Going out now to hand out these power banks. #PorteOuverte #IkWilHelpen https://t.co/tyMJVnFQRV,3/22/16 17:38,twtAhmed
Will leave #Zaventem in half an hour and drive to #gent. Got 4 places and 2 children seats #ikwilhelpen,3/22/16 17:36,LievenVR
If you are stuck in Gent or know someone who is I can host 1-2 people just pm me #ikwilhelpen,1/1/00 0:00,NA
Brussels Residents Use Hashtag #ikwilhelpen to Offer Help to Those Stranded by Bombing viaäó_ https://t.co/dpu8OZETvt https://t.co/hbJvDJGrzZ,3/22/16 16:59,gambacorta_m
Images and INFORMATION on #Brussels #ikwilhelpen #jeveuxaider https://t.co/qVlFYvvyiQ https://t.co/KBI7ohbbiP,3/22/16 16:59,avi_ren
#Ikwilhelpen: How Belgians Are Using Twitter To Help After The Attacks https://t.co/zKHD3ugvdt https://t.co/JnSsb5bPFz,3/22/16 16:58,JamalAndress
People in Belgium Are Using #IkWilHelpen to Offer Aid in the Wake of the Brussels Attacks by @msolis14 https://t.co/HcRonC3xXp via @MicNews,3/22/16 16:58,melioh24
News from TIME: Brussels Residents Use Hashtag #ikwilhelpen to Offer Help to Those Stranded by Bombing https://t.co/ZUS3HvmmZF,3/22/16 16:58,cervellohive
Free and safe room + shower available near #brusselsairport in Steenokkerzeel. #OpenHouse #Brussels #Ikwilhelpen Contact me via twitter.,3/22/16 16:58,jlissens
Brussels Residents Use Hashtag #ikwilhelpen to Offer Help to Those Stranded by Bombing Via #Tashify.com from TIME,3/22/16 16:58,tabishch
I can come and pick-up people stranded in Zaventem to stay at our place 10km north of Brussels (kids are welcome). #ikwilhelpen,3/22/16 16:58,XandraOfficial
Brussels Residents Use Hashtag #ikwilhelpen to Offer Help to Those Stranded by Bombing https://t.co/FJZ7phvDqf @TIME,3/22/16 16:57,ashutoshjha54
Brussels Residents Use Hashtag #ikwilhelpen to Offer Help to Those Stranded by Bombing viaäó_ https://t.co/ztNATEikjM https://t.co/kAXdVRKMFs,3/22/16 16:57,rgomezborbon
Brussels Residents Use Hashtag #ikwilhelpen to Offer Help to Those Stranded by Bombing viaäó_ https://t.co/QSLeRGDf2l https://t.co/pguDhEzKWb,3/22/16 16:57,ThrifteSquirrel
Brussels Residents Use Hashtag #ikwilhelpen to Offer Help to Those Stranded by Bombing viaäó_ https://t.co/ZqHplE6tms https://t.co/z8ysnuXGTK,3/22/16 16:57,thesignumtimes
#ikwilhelpen #PorteOuverte #OpenHouse If you need a warm bed and meal close to the Japanese Tower(Laeken)my door is open! #BruxellesMaBelle,3/22/16 16:57,Sara_T_Oliveira
Brussels Residents Use Hashtag #ikwilhelpen to Offer Help to Those Stranded by Bombing viaäó_ https://t.co/nUoptzit0B https://t.co/AGOfOLHAqh,3/22/16 16:57,longvdit
Belgians are opening their doors to people affected by the terror attacks with #IkWilHelpen https://t.co/zfxCTY1gmM,3/22/16 16:57,parissawax
@pisblom check even #ikwilhelpen !,3/22/16 16:56,rrradiogirrrl
If your bxl-flight ran aground @AntwerpAirport you can sleep over or have a meal #ikwilhelpen #antwerp ,NA,"<a href=""http://twitter.com"" rel=""nofollow"">Twitter Web Client</a>"
I can come and pick-up people stranded in zaventem to stay at our place 10km north of Brussels (kids are welcome). #ikwilhelpen,3/22/16 16:56,peterbvanhees
If you end up in Antwerp this evening due to the Brussels attacks we have a bed #ikwilhelpen,NA,"<a href=""http://twitter.com"" rel=""nofollow"">Twitter Web Client</a>"
Sleeping space for 3-4 people available near Meiser if need be #ikwilhelpen,3/22/16 16:55,PieterCoppens
@LiseTraland @koepee @mrgrej check PM for ETA. #ikwilhelpen,3/22/16 16:52,fesjes
Brussels Residents Use Hashtag #ikwilhelpen to Offer Help to Those Stranded by Bombing https://t.co/8ov90jQaEa @TIME,3/22/16 16:51,brohmbot
We can accommodate 2 - 3 and are working on being able to accommodate more. #PorteOuverte #OpenHouse #ikwilhelpen #brussels,3/22/16 16:51,abnormalbay
Brussels Residents Use Hashtag #ikwilhelpen to Offer Help to Those Stranded by Bombing viaäó_ https://t.co/OpO6YSOfnU https://t.co/nLBriLwn3b,3/22/16 16:51,ronald
Trending: Brussels Residents Use Hashtag #ikwilhelpen to Offer Help to Those Stranded by Bäó_ https://t.co/QJeSxHEaIA https://t.co/gSQwk2k75s,3/22/16 16:51,NewsPostNigeria
If you need a lift or a safe place to stay  contact me! I'm at your service #ikwilhelpen #OpenHouse #Brussels #brusselsattack,NA,"<a href=""http://twitter.com"" rel=""nofollow"">Twitter Web Client</a>"
Stranded in BXL?: got place for 4 in appartment close to centre. PM me! #IkWilHelpen ##PorteOuverte #OpenHouse,3/22/16 16:50,TomazsFuchs
New trending story from TIME: Brussels Residents Use Hashtag #ikwilhelpen to Offer Help to Those Stranded by Bombing https://t.co/9mqFOwjzhB,3/22/16 16:50,localservicesus
Anybody stranded in Leuven: I've got a spare mattress and a good sense of humour. #ikwilhelpen,3/22/16 16:50,woutervanacker
Buzzing: Brussels Residents Use Hashtag #ikwilhelpen to Offer Help to Those Stranded by Boäó_ https://t.co/MrhgzmEVx8 https://t.co/D3UocfSb2X,3/22/16 16:49,liptool
vi Brussels Residents Use Hashtag #ikwilhelpen to Offer Help to Those Stranded by Bombing a äó_ https://t.co/Jcbbmm8ck7,3/22/16 16:49,CricLiveHD
"#ikwilhelpen #antwerpen If anybody would be stranded in Antwerp tonight  just PM. I have a double bed available and a great ""fritkot"" nearby",NA,"<a href=""http://twitter.com"" rel=""nofollow"">Twitter Web Client</a>"
Brussels Residents Use Hashtag #ikwilhelpen to Offer Help to Those Stranded by Bombing via https://t.co/MVPfVJzGomäó_ https://t.co/nabPRHO8oj,3/22/16 16:49,rinse_io
Brussels Residents Use Hashtag #ikwilhelpen to Offer Help to Those Stranded by Bombing https://t.co/Jlo6yMia6p,3/22/16 16:49,qmauewwvx
Brussels Residents Use Hashtag #ikwilhelpen to Offer Help to Those Stranded by Bombing viaäó_ https://t.co/pMSURzIbPv https://t.co/sqshlQY3a3,3/22/16 16:49,TheH0MIE
#IkWilHelpen from America #Brussels,3/22/16 16:48,LilNessLim
Brussels Residents Use Hashtag #ikwilhelpen to Offer Help to Those Stranded by Bombing https://t.co/Q0Fi2SjL5W https://t.co/GRP6tUVMvF,3/22/16 16:48,Akshayjoshi87
New trending story from TIME: Brussels Residents Use Hashtag #ikwilhelpen to Offer Help to Those Stranded by Bombing,3/22/16 16:48,felixmatos77
Brussels Residents Use Hashtag #ikwilhelpen to Offer Help to Those Stranded by Bombing viaäó_ https://t.co/qAs3S6M3ud https://t.co/mCsBi8ov4O,3/22/16 16:48,mikemayers100
Brussels Residents Use Hashtag #ikwilhelpen to Offer Help to Those Stranded by Bombing https://t.co/lMy5bHn20C @TIäó_ https://t.co/7WJ6ZHcszU,3/22/16 16:48,AmitKishore
Brussels Residents Use Hashtag #ikwilhelpen to Offer Help to Those Stranded by Bombing https://t.co/wSsvfLebz4 @TIME,3/22/16 16:48,PlusNow_Me
Brussels Residents Use Hashtag #ikwilhelpen to Offer Help to Those Stranded by Bombing Locals offer transportationäó_ https://t.co/CdBjnhH27g,3/22/16 16:47,wegetnews
Brussels Residents Use Hashtag #ikwilhelpen to Offer Help to Those Stranded by Bombing https://t.co/YIZNY1yw0B @TIäó_ https://t.co/0R4idmwaZk,3/22/16 16:47,RajRajeshwar_
Brussels Residents Use Hashtag #ikwilhelpen to Offer Help to Those Stranded by Bombing https://t.co/KKQvMkm3iL @TIME,3/22/16 16:47,StevoCandelaria
New trending story from TIME: Brussels Residents Use Hashtag #ikwilhelpen to Offer Help to Those Stranded by Bombing,3/22/16 16:47,ahsan_sobuj
Brussels Residents Use Hashtag #ikwilhelpen to Offer Help to Those Stranded by Bombing viaäó_ https://t.co/39EiTAelVt https://t.co/gBt466Vcx2,3/22/16 16:47,KingJerry146
#ikwilhelpen Antwerpen up to 4 People can spend a few nights with me. #spendanight,3/22/16 16:47,Nailstabber
Brussels Residents Use Hashtag #ikwilhelpen to Offer Help to Those Stranded by Bombing https://t.co/nQp4Xz14j3 @TIäó_ https://t.co/Kc2Fm4ropU,3/22/16 16:46,_fernando_diaz
Two spots available from metro station De Brouckere in direction Antwerp #ikwilhelpen,3/22/16 16:46,welmoedverhagen
Brussels Residents Use Hashtag #ikwilhelpen to Offer Help to Those Stranded by Bombing viaäó_ https://t.co/QeYlWbE1FJ https://t.co/1lSvXMcheh,3/22/16 16:46,mybigsalami
Brussels Residents Use Hashtag #ikwilhelpen to Offer Help to Those Stranded by Bombing viaäó_... https://t.co/bmXNmSbgV5,3/22/16 16:46,Imthedrugexpert
Every time I check this moment it gets worse... #IkWilHelpen https://t.co/wBhgXCRpdw,3/22/16 16:46,ChrisWestphal
Brussels Residents Use Hashtag #ikwilhelpen to Offer Help to Those Stranded by Bombing https://t.co/3gUObjwG0Q https://t.co/Yc9Nbu5y73,3/22/16 16:05,myMpango
"Looking for accommodation after what happened in Bxl? Come and stay at home  just PM. I have a double bed available and a great ""fritkot"" nearby",NA,"<a href=""http://twitter.com/download/iphone"" rel=""nofollow"">Twitter for iPhone</a>"
Hotels in Brussels open doors and let people spend the night for free! #brussels #ikwilhelpen,3/22/16 16:05,TheJoyOfJoy_
Praying äù_ #ikwilhelpen,3/22/16 16:03,Merrg23
Stranded in Amsterdam on your way to Brussels? I can offer space for two people #ikwilhelpen #PorteOuverte,3/22/16 16:03,jiggy_peep
#ikwilhelpen is someone travelling to Leuven from gent. I am at gent St Pieter station. Trains not going,3/22/16 16:03,B_Monowar
For those who are stranded  I can offer several sleeping places  hot food and comfort in the centre of #Antwerp #ikwilhelpen #OpenHouse,1/4/00 0:00,NA
Belgians Are Helping Each Other Using The Hashtag #IkWilHelpen https://t.co/BJ1wqI3DwI via @rose_catb @buzzfeednews #Brussels,3/22/16 16:02,Anandstweets
Belgians offer help on Twitter to those stranded after Brussels attacks using #ikwilhelpen #brusselslift #OpenHouse https://t.co/VvY6ylLwWK,3/22/16 16:02,ItsKaraN007
Anybody needs a car ride from VUB campus to city center or Laeken? 4 Seats left! Lift van Etterbeek nr Laeken? #ikwilhelpen #brusselslift,3/22/16 16:02,Toon
Stuck in Brussels? 4 beds available in Mechelen  we will pick you up. Please RT #OpenHouse #ikwilhelpen,NA,"<a href=""http://twitter.com/download/iphone"" rel=""nofollow"">Twitter for iPhone</a>"
Another friend of mine offering to help in #brussels #ikwilhelpen https://t.co/TkCMo649Ar,3/22/16 15:59,Rana_isms
@_MichielVermeir @Piekerniet #BrusselZuid #NMBS #Infrabel #Brussels #ikwilhelpen courage en begrip,3/22/16 15:59,heindprz
@MariosZindilis try to reach @JorisGo or @welmoedverhagen ! #Brussels #Antwerp #ikwilhelpen,3/22/16 15:58,x__Nienke
Super¥Ë_¥Ë_¥Ë_¥Ë_¥Ë_¥Ë_ #ikwilhelpen,3/22/16 15:58,ErbayHassan
Oh god #Brussels #nowords #ikwilhelpen #brusselsattack,3/22/16 15:58,Tnebollen
We can accommodate two people for tonight in Lier! #aanslagenbrussel #ikwilhelpen #OpenHouse,3/22/16 15:57,jippiedee
People unable to leave #Brussels due to today's terrorist attack may use the hashtag #ikwilhelpen to locate assistance &amp; shelter.,3/22/16 15:57,JayRobbie
People in Belgium Are Using #IkWilHelpen to Offer Aid in the Wake of the Brussels Attacks by @msolis14 https://t.co/YnWhSKGelp via @MicNews,3/22/16 15:57,fatijaoui
#ikwilhelpen driving to Paris from Brussels now,3/22/16 15:56,Ronaldwagter
For those stranded in #Brussels  still space available near Grand Place and Central Station. #PorteOuverte #OpenHouse #OpenHuis #IkWilHelpen,NA,"<a href=""http://twitter.com/download/iphone"" rel=""nofollow"">Twitter for iPhone</a>"
Belgians offer help on Twitter to those stranded after Brussels attacks using #ikwilhelpen #brusselslift #OpenHouse https://t.co/YikGbqQ1CZ,3/22/16 15:55,dna
#brusselsattack #ikwilhelpen #PrayForBelgium #JeSuisBruxelles #Belgium Embassy in Moscow. Today. https://t.co/voMmf7XpOH,3/22/16 15:55,vinumvalidum
Im w8ing some1 at the Wetteren Shell GasSt. E40  he will be dropped off in 45min to drive with me to Ostend! Still some places! #ikwilhelpen,NA,"<a href=""https://mobile.twitter.com"" rel=""nofollow"">Mobile Web (M5)</a>"
to the #belgian followers of my account: please share the tweets i just shared #ikwilhelpen #jesuissickofthisshit,3/22/16 15:53,glutenfreeABC
Zaventem to Antwerp/Breda in 15m  4 places available #ikwilhelpen,NA,"<a href=""http://twitter.com"" rel=""nofollow"">Twitter Web Client</a>"
#ikwilhelpen driving to Paris,3/22/16 15:51,Ronaldwagter
Ride needed from Brussels (from hotel near Grand Place) to Antwerp so I can fly home from Antwerp at 07:00 tomorrow morning. #ikwilhelpen,3/22/16 15:50,MariosZindilis
Loving the support I see coming from the Belgian community right now. I only wish I could do more from here! x #ikwilhelpen,3/22/16 15:50,J_Wall18
if you need a place to stay in #jette You're welcome here ! Nearby Simonis. DM me #ikwilhelpen #jeveuxaider,3/22/16 15:50,ElisaKireeff
#ikwilhelpen #stuckinbrussels 4 free seats direction Germany. Can make detours just not opposite direction. In city center.,3/22/16 15:49,zeevilgermanit
Brussels residents use #ikwilhelpen hashtag to offer help to those stranded by bombing https://t.co/5GaUatYypa via @TIMEWorld,3/22/16 15:48,worldnewsing
Leaving now by car from Montgomery to Halle  still have places in the car. #ikwilhelpen,Leni_Tim,"<a href=""http://twitter.com/download/iphone"" rel=""nofollow"">Twitter for iPhone</a>"
We can accommodate two people for tonight in Lier! #aanslagenbrussel #ikwilhelpen,3/22/16 15:47,jippiedee
I think I'm just going to sleep and never going to wake up again. #PrayforBelgium #ikwilhelpen,3/22/16 15:46,XCRAZYcoconutX
Dear Terrorist. . . You Suck Again ! | #Brussels #StandWithBrussels #ikwilhelpen ¥Ë_¥Ë_¥Ë_¥Ë_¥Ë_¥Ë_¥Ë_¥Ë_¥Ë_¥Ë_¥Ë_¥Ë_ #PreyForBrussels https://t.co/LOJT9Dc0MT,3/22/16 15:46,portastylistic
Anyone driving to or near Denmark from Brussels/Leuven? #jeveuxaider #IkWilHelpen,3/22/16 15:46,Janni_GF
We will help with food shelter  clothes... whatever is needed. #ikwilhelpen #Brussels in Ninove,FALSE,7.12E+17
People in Belgium Are Using #IkWilHelpen to Offer Aid in the Wake of the Brussels Attacks by @msolis14 https://t.co/Ve5ixgVShT via @MicNews,3/22/16 15:45,HanaHudak
People in Belgium Are Using #IkWilHelpen to Offer Aid in the Wake of the Brussels Attacks by @msolis14 https://t.co/49lszsUEbj via @MicNews,3/22/16 14:42,joieseeker
Wat doen jullie na het helpen? Respond w/ light. Light a candle for the victims. #ikwilhelpen #RespondWithLight! #RiseAboveFear,3/22/16 14:42,Respond_w_Light
A #Dutch response to the attacks in #Belgium #Brussels https://t.co/64Hn5URMML #IkWilHelpen #porteouverte,3/22/16 14:42,denverstreetcar
People in Belgium Are Using #IkWilHelpen to Offer Aid in the Wake of the Brussels Attacks https://t.co/M8HJaeoHpy,3/22/16 14:41,saulroca
My thoughts go out to the innocent people who have lost their lives today ¥Ë_¥Ë_¥Ë_¥Ë_¥Ë_¥Ë_¥Ë_¥Ë_¥Ë_¥Ë_¥Ë_¥Ë_ #ikwilhelpen,3/22/16 14:40,canttouchdaz
Whoever would need a ride from Montgomery to Halle in the next half hour  I have places left in my car. #IkWilHelpen #brussels,NA,"<a href=""http://twitter.com"" rel=""nofollow"">Twitter Web Client</a>"
Let's pray for Brussels. #IkWilHelpen https://t.co/j5XiBpjiHM,3/22/16 14:40,kevin_simmons
Compassion reigns supreme #ikwilhelpen #jeveuxaider in Brussels,3/22/16 14:40,IFeiras
The hashtag #ikwilhelpen brings a huge lump to my throat and reminds me that there is humanity in the world. #Brussels,3/22/16 14:40,tracymilton
FOLLOW¥Ë_¥Ë_¥Ë_¥Ë_¥Ë_¥Ë_¥Ë_¥Ë_¥Ë_¥Ë_¥Ë_¥Ë_ ¥Ë_¥Ë_¥Ë_¥Ë_¥Ë_¥Ë_@SuhilaBnLachhab ¥Ë_¥Ë_¥Ë_¥Ë_¥Ë_¥Ë_¥Ë_¥Ë_¥Ë_¥Ë_¥Ë_¥Ë_https://t.co/VfAZoxTyQW #SouhilaBenLachhab #brusselsattack #ikwilhelpen¥Ë_¥Ë_¥Ë_¥Ë_¥Ë_¥Ë_¥Ë_¥Ë_¥Ë_¥Ë_¥Ë_¥Ë_ #PrayForBelgium¥Ë_¥Ë_¥Ë_¥Ë_¥Ë_¥Ë_¥Ë_¥Ë_¥Ë_¥Ë_¥Ë_¥Ë_ #PorteOuverte,3/22/16 14:39,AsilMeriem
Stuck in BXL? I can host one person in Saint-Gilles #OpenHouse #PorteOuverte #ikwilhelpen,3/22/16 14:39,JuanaJoven
Double bed available tonight in Ghent in case you (1 person or couple) are stuck and need a bed #ikwilhelpen #openhouse #porteouverte,3/22/16 14:38,matuvu
If you're in need of a place to stay for the night  let me know. #ikwilhelpen Area of CimetiíÂre d'Ixelles.,NA,"<a href=""http://twitter.com"" rel=""nofollow"">Twitter Web Client</a>"
Touched by the #ikwilhelpen #iwannahelp action on twitter ... the Belgians rock... Lots of respect to you all...,3/22/16 14:37,Hellas40
My offer remains: still place available for people blocked in #Brussels #OpenHouse #PorteOuverte #ikwilhelpen,3/22/16 14:37,VINCEBULTE
New justen Bieber Amazing song @Ihab_Amir ¥Ë_¥Ë_¥Ë_¥Ë_¥Ë_¥Ë_¥Ë_¥Ë_¥Ë_¥Ë_¥Ë_¥Ë_¥Ë_¥Ë_¥Ë_¥Ë_¥Ë_¥Ë_¥Ë_¥Ë_¥Ë_¥Ë_¥Ë_¥Ë_ ¥Ë_¥Ë_¥Ë_¥Ë_¥Ë_¥Ë_https://t.co/18vt36o2Wo #Brussel¥Ë_¥Ë_¥Ë_¥Ë_¥Ë_¥Ë_ #Hoofddorp¥Ë_¥Ë_¥Ë_¥Ë_¥Ë_¥Ë_ #Sanoma¥Ë_¥Ë_¥Ë_¥Ë_¥Ë_¥Ë_ #ikwilhelpen¥Ë_¥Ë_¥Ë_¥Ë_¥Ë_¥Ë_¥Ë_¥Ë_¥Ë_¥Ë_¥Ë_¥Ë_ #tsc16¥Ë_¥Ë_¥Ë_¥Ë_¥Ë_¥Ë_ #Tihange¥Ë_¥Ë_¥Ë_¥Ë_¥Ë_¥Ë_,3/22/16 14:37,sk_ayat
#ikwilhelpen is the message we need to send and promote. https://t.co/zj5pUIxs3C,3/22/16 14:36,jillithd
#brusselslift #ikwilhelpen anybody around place jourdan going to schaerbeek?,3/22/16 14:36,Claueoros
"Social media is proving valuable in #brusselsattack. People using hashtag ""#ikwilhelpen"" to offer places to stay. https://t.co/ZiwJkGxD7D",3/22/16 14:35,jodyserrano
My heart goes out to Belgium. Praying. #IkWilHelpen,3/22/16 14:34,samscho
My heart and prayers are extended to #Brussels #IkWilHelpen this is heartbreaking to hear #StandWithBrussels #StandInHarmony,3/22/16 14:34,TashaunaLee
Stuck in #zaventem or #brussels after the #brusselsattack? We gladly host you in #leuven tonight #openhouse #PortesOuvertes #ikwilhelpen,3/22/16 14:34,txtokris
Stuck in Brussels? Use #Waze to drive! Use Telenet hotspots (free!) for internet! #ikwilhelpen #BrusselsAttacks #WeAreBELGIUM,3/22/16 14:34,MrWoDaN
For those stranded in #Brussels I can host 2 people near Botanique #ikwilhelpen,1/4/00 0:00,NA
I'm leaving for Antwerp from Evere (near Zaventem) as from 16h00. Still 3 seats available #ikwilhelpen,3/22/16 14:31,JayDee3121
Turning thoughts &amp; prayers into action¥Ë_¥Ë_¥Ë_¥Ë_¥Ë_¥Ë_¥Ë_¥Ë_¥Ë_¥Ë_¥Ë_¥Ë_¥Ë_¥Ë_¥Ë_¥Ë_¥Ë_¥Ë_¥Ë_¥Ë_¥Ë_¥Ë_¥Ë_¥Ë_ #ikwilhelpen #Brussels Amazing to see ppl cmg together to help each other https://t.co/unsCBWyy4W,3/22/16 14:31,anitbh
Brussels attack: Belgians use #ikwilhelpen hashtag to offer transport and accommodation to stranded https://t.co/UCbWtcnbRz,3/22/16 14:30,blfrnk
NEED A RIDE: from #Brussels to #Charleroi #airport #brusselslift #carpool #covoiturage #IkWilHelpen,3/22/16 14:30,ralucadragos3
My Country is under attack! :'( Lets reunite and fight against all kinds of terrorism. #Brussels #zaventem #stopterrorism #ikwilhelpen,3/22/16 14:30,K_El_Ch
RIDE OFFER: #Zaventem / #Dieghem -&gt; #Montgomery / #Merode around 5-6PM #brusselslift #ikwilhelpen #covoiturage #brusselsattack #PorteOuverte,3/22/16 14:29,JebCalloud
Follow #brusselslift #PorteOuverte #OpenHouse #ikwilhelpen and #jeveuxaider if you need lift or shelter.,3/22/16 14:29,rbc_bhg
Anyone close to Brussels Airport that needs help? Place available as of 9pm #ikwilhelpen #openhouse,3/22/16 14:29,VGeyssens
Stuck in Brugge? DM me! #ikwilhelpen #PorteOuverte,3/22/16 14:29,ShakalakaPeter
Anyone in Brussles right now use #Ikwilhelpen #jeveuxaider to give or look for transport in the city. Thinking of everyone right now x,3/22/16 14:29,BekasaurusBex
Observe the #ikwilhelpen trend and tell me that all is lost. Humanity 1-0 Ignorant Hate. #Belgium,3/22/16 14:29,steve_mcgrath
Spread the word ! People in Belgium are using #IkWilHelpen to offer aid in the wake of #Brussels attacks https://t.co/LtMVZtWnN3,3/22/16 14:29,DJ_Xnames
Stuck in Brussels by the tragedy? Im not going  have my prepaid hotel room for the next 2 nights 9 KM from BRU. #ikwilhelpen #iwanttohelp DM,NA,"<a href=""http://twitter.com"" rel=""nofollow"">Twitter Web Client</a>"
äóìThereäó»s no regifting the present.äóù Robin Glasser äÖƒTHE BRAIN EXCHANGEäÖƒhttps://t.co/rI0K5iBDBv #ikwilhelpen #IndieBooksBeSeen #thriller #RT,3/22/16 14:28,RobinGlasser1
People in Belgium Are Using #IkWilHelpen to Offer Aid in the Wake of the Brussels Attacks by @msolis14 https://t.co/m7kugukU6J via @MicNews,3/22/16 14:28,Lauren_Reese
No more. It's time for peace to conquer war and love to overcome hate #ikwilhelpen #prayersforBrussels #prayforpeace,3/22/16 14:17,CaitlinGuthoff
Stuck in Brussels? I have a room with double bed food  wifi close to centre (Ninoofse Poort) #ikwilhelpen #openhouse,1/13/00 0:00,NA
Belgians Are Helping Each Other Using The Hashtag #IkWilHelpen https://t.co/9o7mSexEHx via @@rose_catb @buzzfeednews,3/22/16 14:16,salippo
For people in/around #Brussels #Bruxelles you can use #Ikwilhelpen &amp; #jeveuxaider to give or look for transport in the city.,3/22/16 14:15,kurdishstruggle
The hashtag #ikwilhelpen I 110% support! Sadly I'm in the UK otherwise I'd offer any help I could,3/22/16 14:15,Skatronixxx
Traveling in #Brussels &amp; need assistance? Locals are offering generous help. Connect online using #OpenHouse and #IkWilHelpen. #Belgium,3/22/16 14:14,turnipseeds
For help in #Brussels: Embassy phone numbers attached or search #IkWilHelpen for locals offering support &amp; accom https://t.co/2DvHv9Hk6W,3/22/16 14:14,omghotels
People who are stranded in Leuven tonight  feel free to send me a message if you need a place to stay. #ikwilhelpen #brussels,NA,"<a href=""http://twitter.com"" rel=""nofollow"">Twitter Web Client</a>"
Please reach out to me if you need a place to stay. #ikwilhelpen #Brussels,3/22/16 14:14,jimmybelll
We have sleeping space for 2 people in Erps-Kwerps  near Brussels Airport. We can pick you up! #OpenHouse #ikwilhelpen #brusselsairport,NA,"<a href=""http://twitter.com/download/iphone"" rel=""nofollow"">Twitter for iPhone</a>"
room for at least 2 people to stay overnight in #Leuven for those who can't get home. Send DM. #ikwilhelpen #iwanttohelp #brusselsattack,3/22/16 14:13,DavidVanAcker
3 seats available in my car if anyone needs help getting home #ikwilhelpen,3/22/16 14:12,Lindita1607
If you need a lift from BXL (King Baudouin Stadium/Vilvoorde/...) to Antwerp (or around Antwerp): leaving in half an hour! #ikwilhelpen,3/22/16 14:12,frederik_braem
Are you in #Brussels and have taken in a stranger? I'm seeking people to interview. Please stay safe. #OpenHouse #PorteOuverte #ikwilhelpen,3/22/16 14:11,dhrutishah
#ikwilhelpen place to sleep eat ... Steenokkerzeel,1/0/00 0:00,NA
If anyone could use a place to sleep tonight in @stadleuven  feel free to contact me! #ikwilhelpen,NA,"<a href=""http://twitter.com"" rel=""nofollow"">Twitter Web Client</a>"
#ikwilhelpen #jeveuxaider Leaving Ans now towards Brussels (Kraainem) - call me if you need a lift (0491 15 36 37),3/22/16 14:11,DekeHikari
#ikwilhelpen #leuven #brusselsattack There will be places to sleep in Leuven if needed.,3/22/16 14:10,Sellativ
I need a lift. Anyone driving from #Ninove to #Brussels this afternoon? #brusselslift #ikwilhelpen,3/22/16 14:10,gabrielestatica
Belgians ¥Ë_¥Ë_¥Ë_¥Ë_¥Ë_¥Ë_¥Ë_¥Ë_¥Ë_¥Ë_¥Ë_¥Ë_ are tweeting about helping each other on the hashtags #ikwilhelpen #OpenHouse ¥Ë_¥Ë_¥Ë_¥Ë_¥Ë_¥Ë_¥Ë_¥Ë_¥Ë_¥Ë_¥Ë_¥Ë_ #Brussels #Bruxelles,3/22/16 14:10,goKicker
my thoughts and prayers go out to everyone in Brussels this morning. #ikwilhelpen,3/22/16 14:09,kaylaann718
Belgians Are Helping Each Other Using The Hashtag #IkWilHelpen https://t.co/tTY3JyXeyn via @rose_catb @buzzfeednews,3/22/16 14:09,MackenzieKeiser
#ikwilhelpen all the available space in my car is spoken for... good luck to all!,3/22/16 14:09,Axl_
Leaving from Zaventem to Antwerp at 15h30 I have 4 seats available #brusselsathome #ikwilhelpen,3/22/16 14:08,francisdefauw
If only other countries would take my blood donation #ikwilhelpen,3/22/16 14:08,knightoftheland
If you are stranded in #Leuven? and need a place to stay? we have 1 spare room. #ikwilhelpen,3/22/16 14:06,Gigivdv
#ikwilhelpen use this hashtag if you can help other people in the zone!!! #BrusselsAttacks,3/22/16 14:06,MallauMaris
People are using the #ikwilhelpen hashtag to offer lifts out of the city  spare rooms and other assistance. https://t.co/QVdEH1WXFQ,NA,"<a href=""http://bufferapp.com"" rel=""nofollow"">Buffer</a>"
stranded in leuven ? don't hesitate to reach out  we have place for 2 people @country side #ikwilhelpen #brusselsexplosion,NA,"<a href=""https://mobile.twitter.com"" rel=""nofollow"">Mobile Web (M5)</a>"
#ikwilhelpen is an amazing example of spontaneous order coming out of disaster. If you're in Belgium and can help please use this HT.,3/22/16 14:06,CatlinNya
Space for 4 people #leuven #ikwilhelpen close to station Leuven äì_¥Ÿèäù_¥Ÿè¥Ë_¥Ë_¥Ë_¥Ë_¥Ë_¥Ë_¥Ë_¥Ë_¥Ë_¥Ë_¥Ë_¥Ë_,3/22/16 14:05,EvaJuchtmans
#OpenHouse #PorteOuverte #ikwilhelpen #Brussels People across #Belgium are offering to open their doors to help... https://t.co/KsRgo13f0a,3/22/16 14:03,EUMUNDI4562
Use #Brusselslift and #ikwilhelpen if you need a ride or a place to stay #Brussels #Belgium Remember,NA,"<a href=""http://twitter.com"" rel=""nofollow"">Twitter Web Client</a>"
Leaving Brussels Evere at 17h today - going direction Grimbergen/Wemmel/Asse - space for 4 in car #brusselsattack #ikwilhelpen,3/22/16 14:02,multard
Looking for a lift from Leuven to Brussels round 5pm. Can #ikwilhelpen help me?,3/22/16 14:02,chirou321
I have 4 places to sleep  including transport from and to Brussels / Zaventem. #ikwilhelpen,NA,"<a href=""http://twitter.com/download/iphone"" rel=""nofollow"">Twitter for iPhone</a>"
Thoughts and prayers with Brussels #IkWilHelpen https://t.co/QDUj71RnTy,3/22/16 14:02,AliG
Great to see people of Belgium helping those stuck there with transport &amp; accommodation ¥Ë_¥Ë_¥Ë_¥Ë_¥Ë_¥Ë_¥Ë_¥Ë_¥Ë_¥Ë_¥Ë_¥Ë_¥Ë_¥Ë_¥Ë_¥Ë_¥Ë_¥Ë_¥Ë_¥Ë_¥Ë_¥Ë_¥Ë_¥Ë_ Just use #ikwilhelpen for more #PrayForBelgium,3/22/16 14:01,soedadny
#belgian population offering transport and places to stay overnight to stranded foreigners via #ikwilhelpen #brusselsattacks,3/22/16 14:00,cemacorg
Does anyone need to go to Brussels? Still looking for a spot here. From Leuven to Brussel-Nord. #ikwilhelpen #brusselsattack,3/22/16 13:59,SWerckx
"Anyone stranded around Ostend Airport, transport for 3-4 people #ikwilhelpen",1/0/00 0:00,NA
Follow #brusselslift @PorteOuverte #OpenHouse #ikwilhelpen and @jeveuxaider if you need lift or shelter.,3/22/16 13:58,rbc_bhg
Any transport needed from Airport area to Leuven area this evening #ikwilhelpen,1/0/00 0:00,NA
Able to accomodate 2-3 people who are stranded because of the #BrusselsAttacks to spend the night in Leuven. #ikwilhelpen,3/22/16 13:58,Poltionorc
@GVerbaan check #ikwilhelpen,3/22/16 13:57,AnoukBriefjes
If anyone needs help around #Brussels or needs transport or safe place feel free to contact me #ikwilhelpen #jeveuxaider #iwanttohelp,3/22/16 13:57,TimTijssens
Travellers that can reach Leuven I can pick 3 max 3 up for a bed in #diest 20 mins away #ikwilhelpen @ or DM me,1/3/00 0:00,NA
#BrusselsOpenDoors #ikwilhelpen bed/car in Brussels if you need,3/22/16 13:57,ValentinSEA
#ikwilhelpen Stranded in Antwerp? Need a safe place to sleep? Welcome at our place. As long as you need. #opendoors,3/22/16 13:57,CobyGoyvaerts
5cm S/S 16 #menswear #fashionBlogger #design #streetwear #luxury @5cm_1004 #ikwilhelpen https://t.co/S0QMKFpgvN https://t.co/zozoJB4trn,3/22/16 13:56,JustAnotherRich
If I can help anyone with transport to or from Gasthuisberg Leuven  let me know where you are. 4 places. #IkWilHelpen,NA,"<a href=""http://twitter.com"" rel=""nofollow"">Twitter Web Client</a>"
Need a ride from Diegem /Zaventem towards Leuven + suburbs? 4 seats available #ikwilhelpen,3/22/16 13:55,dduink
So sad for my friends in #Belgium. They + families are safe/accounted for. #BelgiumStrong #ikwilhelpen https://t.co/2Gd8eYGYt8,3/22/16 13:54,NewEnglandBrews
To anyone stuck in New York after today's attacks in Brussels - happy to host! #ikwilhelpen,3/22/16 13:54,LynneAult
Anyone who can give me a ride from Namur to Brussels later today? #ikwilhelpen,3/22/16 13:54,TrinityDLG
This is beautiful. People in #Brussels helping each other with the tag #ikwilhelpen . It's amazing. https://t.co/Pmrc4YRUxn,3/22/16 13:54,chayemor
3 free places in the car from NATO to Mechelen #ikwilhelpen,3/22/16 13:53,OanaCcresteaza
Anyone able to drive from Evere to Roodebeek/Woluwe around 17h? #BrusselsLift #PorteOuverte #IkWilHelpen,3/22/16 13:53,Dietediet
If you are stranded in Leuven and need a place to sleep: I have room for 1 person. 10 minutes from Leuven. #ikwilhelpen,3/22/16 13:53,kaatureel
Belgium Residents Offer Support With #ikwilhelpen Hashtag https://t.co/nJPXOavvwJ,3/22/16 13:53,nejlamutlu2
@Lieneuh #ikwilhelpen ? loopt al even,3/22/16 13:53,dweezzill
@BrusselsLift #IkWilHelpen @BrusselsLift NEED A RIDE: #Aalst &lt; ~ #Brussel Schuman/Etterbeek/Woluwe-St-Lambert area leaving after 17:00,3/22/16 13:53,StobbsMartin
Pray for everyone in Brussels right now. Take care. #ikwilhelpen #PrayForBrussels,3/22/16 13:53,fxckneckdeep
If we are able to deal with terrorism. innocent people should die from a single terrorist. #ikwilhelpen #Bruessel #Bruxelles,3/22/16 13:52,VedatKaratay3